Workbook

Sheet Application Tracker
A1: QA Automation (Playwright/Cypress/Appium) — Hyderabad GCC Job Application Tracker
A2: Yellow = fill in as you apply. Orange rows = new 2025-2026 GCC entrants to Hyderabad (actively scaling — good application window).
A4: Company | B4: Sector | C4: HQ Country | D4: Year Arrived (Hyderabad) | E4: Role Applied For | F4: Portal/Source | G4: Date Applied | H4: Status | I4: Follow-up Date | J4: Recruiter/Contact | K4: Tech Stack Match | L4: Priority | M4: Notes
A5: Microsoft | B5: Technology | C5: USA | H5: Not Applied
A6: Google | B6: Technology | C6: USA | H6: Not Applied
A7: Amazon | B7: Technology | C7: USA | H7: Not Applied
A8: Apple | B8: Technology | C8: USA | H8: Not Applied
A9: Salesforce | B9: Technology | C9: USA | H9: Not Applied
A10: Meta | B10: Technology | C10: USA | H10: Not Applied
A11: Oracle | B11: Technology | C11: USA | H11: Not Applied
A12: ServiceNow | B12: Technology | C12: USA | D12: 2014 | H12: Not Applied
A13: IBM Software Labs | B13: Technology | C13: USA | H13: Not Applied
A14: Qualcomm | B14: Technology | C14: USA | H14: Not Applied
A15: Micron Technology | B15: Semiconductors | C15: USA | H15: Not Applied
A16: AT&T | B16: Telecom | C16: USA | H16: Not Applied
A17: T-Mobile | B17: Telecom | C17: USA | D17: 2026 (expansion) | H17: Not Applied
A18: Netflix | B18: Media/Tech | C18: USA | D18: 2025-26 (new hub) | H18: Not Applied
A19: Warner Bros. Discovery | B19: Media/Tech | C19: USA | H19: Not Applied
A20: DAZN | B20: Media/Sports Tech | C20: UK | D20: 2025 | H20: Not Applied
A21: JPMorgan Chase | B21: BFSI/Fintech | C21: USA | H21: Not Applied
A22: Wells Fargo | B22: BFSI/Fintech | C22: USA | H22: Not Applied
A23: Goldman Sachs | B23: BFSI/Fintech | C23: USA | H23: Not Applied
A24: Vanguard | B24: BFSI/Fintech | C24: USA | D24: 2025 (first India GCC) | H24: Not Applied | L24: High | M24: Live: QA Engineer (Automation/Manual/Mobile), 5+ yrs, Java, Appium, Selenium, API testing.
A25: State Street | B25: BFSI/Fintech | C25: USA | H25: Not Applied
A26: UBS | B26: BFSI/Fintech | C26: Switzerland | D26: 2026 (new site) | H26: Not Applied | L26: Medium | M26: Live: QA Engineer (Manual & Automation), Senior QA (Automation). Only ~7 roles in Hyderabad (more in Pune/Mumbai).
A27: HSBC | B27: BFSI/Fintech | C27: UK | H27: Not Applied
A28: Lloyds Banking Group | B28: BFSI/Fintech | C28: UK | H28: Not Applied
A29: Bank of America | B29: BFSI/Fintech | C29: USA | H29: Not Applied
A30: Chubb | B30: Insurance | C30: Switzerland/USA | H30: Not Applied
A31: Western Union | B31: Fintech | C31: USA | H31: Not Applied
A32: Novartis | B32: Pharma/Life Sciences | C32: Switzerland | H32: Not Applied
A33: Sanofi | B33: Pharma/Life Sciences | C33: France | D33: 2026 (major expansion) | H33: Not Applied
A34: Eli Lilly | B34: Pharma/Life Sciences | C34: USA | H34: Not Applied
A35: Bristol Myers Squibb | B35: Pharma/Life Sciences | C35: USA | D35: 2023 | H35: Not Applied
A36: Amgen | B36: Pharma/Life Sciences | C36: USA | D36: 2024 | H36: Not Applied
A37: UnitedHealth Group / Optum | B37: Healthcare | C37: USA | H37: Not Applied
A38: Elevance Health (Carelon) | B38: Healthcare | C38: USA | H38: Not Applied
A39: Cohere Health | B39: Healthcare | C39: USA | D39: 2025-26 (first intl. centre) | H39: Not Applied
A40: HCA Healthcare | B40: Healthcare | C40: USA | D40: 2025 ($75M first GCC) | H40: Not Applied | L40: High | M40: Live: Sr. SDET — Selenium (UI), Postman/Newman (API), Jenkins/GitHub Actions/Azure DevOps CI/CD.
A41: Abbott | B41: Healthcare | C41: USA | H41: Not Applied
A42: Opella Healthcare | B42: Healthcare | C42: France | H42: Not Applied
A43: McDonald's | B43: Retail/Consumer | C43: USA | H43: Not Applied
A44: PepsiCo | B44: Retail/Consumer | C44: USA | H44: Not Applied
A45: Costco | B45: Retail/Consumer | C45: USA | D45: 2025-26 (announced) | H45: Not Applied
A46: L'Oreal | B46: Retail/Consumer | C46: France | D46: 2026 (first India GCC) | H46: Not Applied
A47: Heineken | B47: Retail/Consumer | C47: Netherlands | H47: Not Applied
A48: Nestle | B48: Retail/Consumer | C48: Switzerland | D48: 2025-26 (first India GCC) | H48: Not Applied
A49: JLL | B49: Professional Services | C49: USA | D49: 2026 | H49: Not Applied
A50: Southwest Airlines | B50: Aviation | C50: USA | D50: 2025-26 (first India GCC) | H50: Not Applied
A51: American Airlines | B51: Aviation | C51: USA | D51: Expanding (400 to ~800 by 2027) | H51: Not Applied
A52: Honeywell | B52: Engineering/Industrial | C52: USA | H52: Not Applied
A53: Hyundai | B53: Automotive | C53: South Korea | H53: Not Applied
A54: Garmin | B54: Engineering/Tech | C54: Switzerland/USA | H54: Not Applied
A55: ArcelorMittal (AMGBT) | B55: Engineering/Industrial | C55: Luxembourg | H55: Not Applied
A56: BASF | B56: Chemicals | C56: Germany | D56: 2026 (new hub, per Nasscom H1'26) | H56: Not Applied
A57: FactSet | B57: Fintech/Data | C57: USA | H57: Not Applied
A58: Revolut | B58: Fintech | C58: UK | H58: Not Applied
A59: Clean Harbors | B59: Environmental Services | C59: USA | D59: 2017 (established; still expanding) | H59: Not Applied | L59: High | M59: Live: Sr Test Automation Engineer, 6-10 yrs band — matches seniority level.
A60: Charles Schwab | B60: BFSI/Fintech | C60: USA | D60: 2025-26 (first India GCC) | H60: Not Applied | L60: High | M60: Live: Manager SDET Automation Testing + Manual Testing QA roles. 55-76 open Hyderabad roles overall.
A61: MetLife | B61: BFSI/Insurance | C61: USA | D61: 2025-26 (Hyderabad expansion) | H61: Not Applied | L61: High | M61: Live: Sr. SDET I / SDET II. Explicitly adopting GenAI test tooling — matches AI QA Agent experience.
A62: Voya Financial | B62: BFSI/Fintech | C62: USA | D62: 2026 (expansion) | H62: Not Applied | M62: Checked Sep 2026: no clear live Hyderabad QA/SDET posting found. Company confirmed present in Hyderabad — recheck careers page periodically.
A63: Lonza Group | B63: Biopharma/CDMO | C63: Switzerland | D63: 2026 (announced Mar 2026) | H63: Not Applied | M63: Checked Sep 2026: no clear live Hyderabad QA/SDET posting found. Company confirmed present in Hyderabad — recheck careers page periodically.
A64: Sonatype | B64: Cybersecurity/Tech | C64: USA | D64: 2025-26 (new GCC) | H64: Not Applied | M64: Checked Sep 2026: no clear live Hyderabad QA/SDET posting found. Company confirmed present in Hyderabad — recheck careers page periodically.
A65: Astera Labs | B65: Semiconductors | C65: USA | D65: 2026 (new centre) | H65: Not Applied | M65: Checked Sep 2026: no clear live Hyderabad QA/SDET posting found. Company confirmed present in Hyderabad — recheck careers page periodically.
A66: Bluepace | B66: Technology | C66: USA | D66: 2026 (new GCC) | H66: Not Applied | M66: Checked Sep 2026: no clear live Hyderabad QA/SDET posting found. Company confirmed present in Hyderabad — recheck careers page periodically.
A67: Zurich Insurance | B67: BFSI/Insurance | C67: Switzerland | D67: 2025-26 (new entrant) | H67: Not Applied | L67: Medium | M67: Live: QA role, 5-8 yrs, Python/ETL/Automation Testing — leans more data/Python than UI automation.
A68: Roche Diagnostics | B68: Pharma/Life Sciences | C68: Switzerland | D68: 2025-26 (new entrant) | H68: Not Applied | M68: Checked Sep 2026: no clear live Hyderabad QA/SDET posting found. Company confirmed present in Hyderabad — recheck careers page periodically.
A69: ABB | B69: Engineering/Industrial | C69: Switzerland | D69: 2025-26 (new entrant) | H69: Not Applied | M69: Checked Sep 2026: no clear live Hyderabad QA/SDET posting found. Company confirmed present in Hyderabad — recheck careers page periodically.
A70: Regeneron | B70: Pharma/Life Sciences | C70: USA | D70: 2025-26 (new entrant) | H70: Not Applied | M70: Checked Sep 2026: no clear live Hyderabad QA/SDET posting found. Company confirmed present in Hyderabad — recheck careers page periodically.
A71: Silicon Labs | B71: Semiconductors | C71: USA | D71: 2025-26 (new entrant) | H71: Not Applied | M71: Checked Sep 2026: no clear live Hyderabad QA/SDET posting found. Company confirmed present in Hyderabad — recheck careers page periodically.
A72: Reckitt | B72: Retail/Consumer | C72: UK | D72: 2025-26 (new entrant) | H72: Not Applied | M72: Checked Sep 2026: no clear live Hyderabad QA/SDET posting found. Company confirmed present in Hyderabad — recheck careers page periodically.
A73: Uber | B73: Technology | C73: USA | D73: 2025-26 (new entrant) | H73: Not Applied | M73: Checked Sep 2026: no clear live Hyderabad QA/SDET posting found. Company confirmed present in Hyderabad — recheck careers page periodically.
A74: Dai-ichi Life Group | B74: BFSI/Insurance | C74: Japan | D74: 2025 (first GCC outside Japan, via BOT w/ Capgemini) | H74: Not Applied | M74: Checked Sep 2026: no clear live Hyderabad QA/SDET posting found. Company confirmed present in Hyderabad — recheck careers page periodically.
A75: Octave Intelligence | B75: Industrial Software/Tech | C75: USA | D75: 2026 (new, scaling to 2,000 engineers) | H75: Not Applied | L75: High | M75: Live: Senior Software Engineer, SDET. Playwright/Selenium/WebdriverIO + agentic AI testing exposure wanted — excellent match.
A76: CyberArk | B76: Cybersecurity | C76: USA/Israel | D76: Established, active hiring | H76: Not Applied | L76: High | M76: Live: Senior SDET (QA Automation Engineer). Python, Pytest, Jenkins, Windows automation focus.
A77: Syneos Health | B77: Healthcare/Life Sciences CRO | C77: USA | D77: 2026 (new AI hub, largest office in Asia) | H77: Not Applied | L77: High | M77: Live: Validation & QA Analyst + other QA/data/tech roles. Building GenAI clinical tools — matches your AI QA Agent work.
A78: Availity | B78: Healthcare IT | C78: USA | D78: Expanding (tripling India workforce by 2026) | H78: Not Applied | L78: Medium | M78: India careers page features Senior QA Engineer testimonial — active QA hiring signal, healthcare IT domain.
A79: Temenos | B79: BFSI/Banking Software | C79: Switzerland | D79: Established | H79: Not Applied | L79: Medium | M79: Test automation skill combos (Selenium, Playwright, Tricentis) appear in Hyderabad listings, but no single confirmed live QA JD found.
A80: Blackbaud | B80: Technology/Nonprofit Software | C80: USA | D80: 2025 (Nov 2025, new Hyderabad office) | H80: Not Applied | L80: Low | M80: Checked Sep 2026: new office focuses on AI/cloud dev; no QA-specific opening surfaced yet. Recheck periodically.
A81: Deutsche Börse Group | B81: BFSI/Fintech | C81: Germany | D81: 2025 (Aug 2025, new GCC) | H81: Not Applied | L81: Low | M81: Checked Sep 2026: postings skew Java/dev-heavy; no explicit QA/SDET opening surfaced yet. Recheck periodically.
A82: BlackBerry | B82: Cybersecurity/Tech | C82: Canada | D82: Established | H82: Not Applied | L82: Low | M82: Checked Sep 2026: no clear live Hyderabad QA/SDET posting found. Recheck periodically.
A83: Storable | B83: PropTech/Software | C83: USA | D83: Established | H83: Not Applied | L83: Low | M83: Checked Sep 2026: no clear live Hyderabad QA/SDET posting found. Recheck periodically.
A84: Align Technology | B84: Medical Devices | C84: USA | D84: Established | H84: Not Applied | L84: Low | M84: Checked Sep 2026: no clear live Hyderabad QA/SDET posting found. Recheck periodically.
A85: Mondee Holdings | B85: Travel Technology | C85: USA | D85: Established | H85: Not Applied | L85: Low | M85: Checked Sep 2026: no clear live Hyderabad QA/SDET posting found. Recheck periodically.
A86: FedEx | B86: Logistics | C86: USA | D86: Established | H86: Not Applied | L86: Low | M86: Checked Sep 2026: no clear live Hyderabad QA/SDET posting found. Recheck periodically.
... A106: Deepwatch | B106: Cybersecurity (MDR) | C106: USA | D106: Established/expanding | H106: Not Applied | L106: Low | M106: Checked Sep 2026: no clear live Hyderabad QA/SDET posting found. Recheck periodically.
H107: Not Applied
H108: Not Applied
H109: Not Applied
H110: Not Applied
H111: Not Applied
H112: Not Applied
H113: Not Applied
H114: Not Applied

Sheet Dashboard
A1: Application Tracker — Dashboard
A2: Auto-updates from 'Application Tracker' sheet. Do not edit formula cells.
A4: Status | B4: Count | D4: Sector | E4: Count
A5: Not Applied | B5: =COUNTIF('Application Tracker'!$H$5:$H$150,A5) -> 110 | D5: Aerospace | E5: =COUNTIF('Application Tracker'!$B$5:$B$150,D5) -> 1
A6: Applied | B6: =COUNTIF('Application Tracker'!$H$5:$H$150,A6) -> 0 | D6: Automotive | E6: =COUNTIF('Application Tracker'!$B$5:$B$150,D6) -> 1
A7: Screening | B7: =COUNTIF('Application Tracker'!$H$5:$H$150,A7) -> 0 | D7: Aviation | E7: =COUNTIF('Application Tracker'!$B$5:$B$150,D7) -> 2
A8: Interview Scheduled | B8: =COUNTIF('Application Tracker'!$H$5:$H$150,A8) -> 0 | D8: BFSI/Fintech | E8: =COUNTIF('Application Tracker'!$B$5:$B$150,D8) -> 14
A9: Interview Completed | B9: =COUNTIF('Application Tracker'!$H$5:$H$150,A9) -> 0 | D9: BFSI/Insurance | E9: =COUNTIF('Application Tracker'!$B$5:$B$150,D9) -> 3
A10: Offer | B10: =COUNTIF('Application Tracker'!$H$5:$H$150,A10) -> 0 | D10: BPO/Technology Services | E10: =COUNTIF('Application Tracker'!$B$5:$B$150,D10) -> 2
A11: Rejected | B11: =COUNTIF('Application Tracker'!$H$5:$H$150,A11) -> 0 | D11: Biopharma/CDMO | E11: =COUNTIF('Application Tracker'!$B$5:$B$150,D11) -> 1
A12: No Response | B12: =COUNTIF('Application Tracker'!$H$5:$H$150,A12) -> 0 | D12: Building Products Distribution | E12: =COUNTIF('Application Tracker'!$B$5:$B$150,D12) -> 1
A13: Withdrawn | B13: =COUNTIF('Application Tracker'!$H$5:$H$150,A13) -> 0 | D13: Chemicals | E13: =COUNTIF('Application Tracker'!$B$5:$B$150,D13) -> 1
A14: Total Companies Tracked | B14: =COUNTA('Application Tracker'!$A$5:$A$150) -> 102 | D14: Cybersecurity | E14: =COUNTIF('Application Tracker'!$B$5:$B$150,D14) -> 1
A15: New 2025-26 Entrants Tracked | B15: 48 | D15: Cybersecurity (MDR) | E15: =COUNTIF('Application Tracker'!$B$5:$B$150,D15) -> 1
D16: Cybersecurity/Tech | E16: =COUNTIF('Application Tracker'!$B$5:$B$150,D16) -> 2
D17: Data/Cloud Storage Tech | E17: =COUNTIF('Application Tracker'!$B$5:$B$150,D17) -> 1
D18: E-Commerce/Technology | E18: =COUNTIF('Application Tracker'!$B$5:$B$150,D18) -> 1
D19: Energy/Oil & Gas | E19: =COUNTIF('Application Tracker'!$B$5:$B$150,D19) -> 1
D20: Engineering/Industrial | E20: =COUNTIF('Application Tracker'!$B$5:$B$150,D20) -> 3
D21: Engineering/Tech | E21: =COUNTIF('Application Tracker'!$B$5:$B$150,D21) -> 1
D22: Environmental Services | E22: =COUNTIF('Application Tracker'!$B$5:$B$150,D22) -> 1
D23: Fintech | E23: =COUNTIF('Application Tracker'!$B$5:$B$150,D23) -> 2
D24: Fintech/Data | E24: =COUNTIF('Application Tracker'!$B$5:$B$150,D24) -> 1
D25: Food Services | E25: =COUNTIF('Application Tracker'!$B$5:$B$150,D25) -> 1
D26: Healthcare | E26: =COUNTIF('Application Tracker'!$B$5:$B$150,D26) -> 6
D27: Healthcare IT | E27: =COUNTIF('Application Tracker'!$B$5:$B$150,D27) -> 1
... D50: Travel Technology | E50: =COUNTIF('Application Tracker'!$B$5:$B$150,D50) -> 1

Sheet How to Use
A1: How to Use This Tracker
A3: Company / Sector / HQ Country | B3: Pre-filled with 70 verified Hyderabad GCC companies from research. Add more rows at the bottom for any company you find yourself.
A4: Year Arrived (Hyderabad) | B4: When known: the year the GCC was established or most recently expanded in Hyderabad. Blank = long-established, exact year not verified from public sources.
A5: Orange-highlighted rows | B5: Companies confirmed as new to Hyderabad in 2025-2026 (or a major recent expansion). These are actively scaling headcount right now -- often the best window to apply, since roles are opening faster than they can be filled.
A6: Role Applied For | B6: e.g. SDET, QA Automation Engineer, Senior QA Engineer -- copy from the job posting.
A7: Portal/Source | B7: Dropdown: Hirist, Instahyre, LinkedIn, Naukri, Foundit, Cutshort, myjobb, Arya, Company Website, Referral, Other.
A8: Date Applied | B8: Date you submitted the application.
A9: Status | B9: Dropdown: Not Applied -> Applied -> Screening -> Interview Scheduled -> Interview Completed -> Offer / Rejected / No Response / Withdrawn.
A10: Follow-up Date | B10: Set this ~7-10 days after applying; check the Dashboard weekly to see what's due.
A11: Recruiter/Contact | B11: Name + email/LinkedIn of recruiter or referral contact, if you have one.
A12: Tech Stack Match | B12: Note which of your skills matched: Playwright, Cypress, Appium, TypeScript, CI/CD, etc. Helps you see which stack is landing interviews.
A13: Priority | B13: Dropdown: High / Medium / Low -- rank based on fit and interest so you know where to focus follow-ups.
A14: Notes | B14: Anything else -- interview feedback, salary range discussed, referral source, etc.
A15: Dashboard tab | B15: Auto-counts applications by Status and by Sector, plus a running count of new 2025-26 entrants. Updates automatically -- don't edit its formula cells directly.
