Workbook

Sheet Application Tracker
A1: QA Automation (Playwright/Cypress/Appium) — Hyderabad GCC Job Application Tracker
A2: Yellow columns = fill in as you apply. Company/Sector/HQ Country pre-filled from verified Hyderabad GCC list. Add more rows as needed.
A4: Company | B4: Sector | C4: HQ Country | D4: Role Applied For | E4: Portal/Source | F4: Date Applied | G4: Status | H4: Follow-up Date | I4: Recruiter/Contact | J4: Tech Stack Match | K4: Priority | L4: Notes
A5: Microsoft | B5: Technology | C5: USA | G5: Not Applied
A6: Google | B6: Technology | C6: USA | G6: Not Applied
A7: Amazon | B7: Technology | C7: USA | G7: Not Applied
A8: Apple | B8: Technology | C8: USA | G8: Not Applied
A9: Salesforce | B9: Technology | C9: USA | G9: Not Applied
A10: Meta | B10: Technology | C10: USA | G10: Not Applied
A11: Oracle | B11: Technology | C11: USA | G11: Not Applied
A12: ServiceNow | B12: Technology | C12: USA | G12: Not Applied
A13: IBM Software Labs | B13: Technology | C13: USA | G13: Not Applied
A14: Qualcomm | B14: Technology | C14: USA | G14: Not Applied
A15: Micron Technology | B15: Semiconductors | C15: USA | G15: Not Applied
A16: AT&T | B16: Telecom | C16: USA | G16: Not Applied
... A58: Revolut | B58: Fintech | C58: UK | G58: Not Applied
G59: Not Applied
G60: Not Applied
G61: Not Applied
G62: Not Applied
G63: Not Applied
G64: Not Applied
G65: Not Applied
G66: Not Applied
G67: Not Applied
G68: Not Applied
G69: Not Applied
G70: Not Applied
... G98: Not Applied

Sheet Dashboard
A1: Application Tracker — Dashboard
A2: Auto-updates from 'Application Tracker' sheet. Do not edit formula cells.
A4: Status | B4: Count | D4: Sector | E4: Count
A5: Not Applied | B5: =COUNTIF('Application Tracker'!$G$5:$G$98,A5) -> 94 | D5: Automotive | E5: =COUNTIF('Application Tracker'!$B$5:$B$98,D5) -> 1
A6: Applied | B6: =COUNTIF('Application Tracker'!$G$5:$G$98,A6) -> 0 | D6: Aviation | E6: =COUNTIF('Application Tracker'!$B$5:$B$98,D6) -> 2
A7: Screening | B7: =COUNTIF('Application Tracker'!$G$5:$G$98,A7) -> 0 | D7: BFSI/Fintech | E7: =COUNTIF('Application Tracker'!$B$5:$B$98,D7) -> 9
A8: Interview Scheduled | B8: =COUNTIF('Application Tracker'!$G$5:$G$98,A8) -> 0 | D8: Chemicals | E8: =COUNTIF('Application Tracker'!$B$5:$B$98,D8) -> 1
A9: Interview Completed | B9: =COUNTIF('Application Tracker'!$G$5:$G$98,A9) -> 0 | D9: Engineering/Industrial | E9: =COUNTIF('Application Tracker'!$B$5:$B$98,D9) -> 2
A10: Offer | B10: =COUNTIF('Application Tracker'!$G$5:$G$98,A10) -> 0 | D10: Engineering/Tech | E10: =COUNTIF('Application Tracker'!$B$5:$B$98,D10) -> 1
A11: Rejected | B11: =COUNTIF('Application Tracker'!$G$5:$G$98,A11) -> 0 | D11: Fintech | E11: =COUNTIF('Application Tracker'!$B$5:$B$98,D11) -> 2
A12: No Response | B12: =COUNTIF('Application Tracker'!$G$5:$G$98,A12) -> 0 | D12: Fintech/Data | E12: =COUNTIF('Application Tracker'!$B$5:$B$98,D12) -> 1
A13: Withdrawn | B13: =COUNTIF('Application Tracker'!$G$5:$G$98,A13) -> 0 | D13: Healthcare | E13: =COUNTIF('Application Tracker'!$B$5:$B$98,D13) -> 6
A14: Total Companies Tracked | B14: =COUNTA('Application Tracker'!$A$5:$A$98) -> 54 | D14: Insurance | E14: =COUNTIF('Application Tracker'!$B$5:$B$98,D14) -> 1
D15: Media/Sports Tech | E15: =COUNTIF('Application Tracker'!$B$5:$B$98,D15) -> 1
D16: Media/Tech | E16: =COUNTIF('Application Tracker'!$B$5:$B$98,D16) -> 2
D17: Pharma/Life Sciences | E17: =COUNTIF('Application Tracker'!$B$5:$B$98,D17) -> 5
D18: Professional Services | E18: =COUNTIF('Application Tracker'!$B$5:$B$98,D18) -> 1
D19: Retail/Consumer | E19: =COUNTIF('Application Tracker'!$B$5:$B$98,D19) -> 6
D20: Semiconductors | E20: =COUNTIF('Application Tracker'!$B$5:$B$98,D20) -> 1
D21: Technology | E21: =COUNTIF('Application Tracker'!$B$5:$B$98,D21) -> 10
D22: Telecom | E22: =COUNTIF('Application Tracker'!$B$5:$B$98,D22) -> 2

Sheet How to Use
A1: How to Use This Tracker
A3: Company / Sector / HQ Country | B3: Pre-filled with 52 verified Hyderabad GCC companies from research. Add more rows at the bottom for any company you find yourself.
A4: Role Applied For | B4: e.g. SDET, QA Automation Engineer, Senior QA Engineer — copy from the job posting.
A5: Portal/Source | B5: Dropdown: Hirist, Instahyre, LinkedIn, Naukri, Foundit, Cutshort, myjobb, Arya, Company Website, Referral, Other.
A6: Date Applied | B6: Date you submitted the application.
A7: Status | B7: Dropdown: Not Applied -> Applied -> Screening -> Interview Scheduled -> Interview Completed -> Offer / Rejected / No Response / Withdrawn.
A8: Follow-up Date | B8: Set this ~7-10 days after applying; check the Dashboard weekly to see what's due.
A9: Recruiter/Contact | B9: Name + email/LinkedIn of recruiter or referral contact, if you have one.
A10: Tech Stack Match | B10: Note which of your skills matched: Playwright, Cypress, Appium, TypeScript, CI/CD, etc. Helps you see which stack is landing interviews.
A11: Priority | B11: Dropdown: High / Medium / Low — rank based on fit and interest so you know where to focus follow-ups.
A12: Notes | B12: Anything else — interview feedback, salary range discussed, referral source, etc.
A13: Dashboard tab | B13: Auto-counts applications by Status and by Sector. Updates automatically as you fill in the tracker — don't edit its formula cells directly.
