Workbook

Sheet Application Tracker
A1: Company | B1: Sector | C1: HQ Country | D1: Role Applied For
A2: Microsoft | B2: Technology | C2: USA
A3: Google | B3: Technology | C3: USA
A4: Amazon | B4: Technology | C4: USA
A5: Apple | B5: Technology | C5: USA
A6: Salesforce | B6: Technology | C6: USA
A7: Meta | B7: Technology | C7: USA
A8: Oracle | B8: Technology | C8: USA
A9: ServiceNow | B9: Technology | C9: USA
A10: IBM Software Labs | B10: Technology | C10: USA
A11: Qualcomm | B11: Technology | C11: USA
A12: Micron Technology | B12: Semiconductors | C12: USA
A13: AT&T | B13: Telecom | C13: USA
... A87: Boeing | B87: Aerospace | C87: USA

Sheet Dashboard
A1: Application Tracker — Dashboard
A2: Auto-updates from 'Application Tracker' sheet. Do not edit formula cells.
A4: Status | B4: Count | D4: Sector | E4: Count
A5: Not Applied | B5: =COUNTIF('Application Tracker'!#REF!,A5) -> #REF! | D5: Aerospace | E5: =COUNTIF('Application Tracker'!$B$2:$B$111,D5) -> 1
A6: Applied | B6: =COUNTIF('Application Tracker'!#REF!,A6) -> #REF! | D6: Automotive | E6: =COUNTIF('Application Tracker'!$B$2:$B$111,D6) -> 1
A7: Screening | B7: =COUNTIF('Application Tracker'!#REF!,A7) -> #REF! | D7: Aviation | E7: =COUNTIF('Application Tracker'!$B$2:$B$111,D7) -> 2
A8: Interview Scheduled | B8: =COUNTIF('Application Tracker'!#REF!,A8) -> #REF! | D8: BFSI/Fintech | E8: =COUNTIF('Application Tracker'!$B$2:$B$111,D8) -> 12
A9: Interview Completed | B9: =COUNTIF('Application Tracker'!#REF!,A9) -> #REF! | D9: BFSI/Insurance | E9: =COUNTIF('Application Tracker'!$B$2:$B$111,D9) -> 3
A10: Offer | B10: =COUNTIF('Application Tracker'!#REF!,A10) -> #REF! | D10: BPO/Technology Services | E10: =COUNTIF('Application Tracker'!$B$2:$B$111,D10) -> 1
A11: Rejected | B11: =COUNTIF('Application Tracker'!#REF!,A11) -> #REF! | D11: Biopharma/CDMO | E11: =COUNTIF('Application Tracker'!$B$2:$B$111,D11) -> 1
A12: No Response | B12: =COUNTIF('Application Tracker'!#REF!,A12) -> #REF! | D12: Chemicals | E12: =COUNTIF('Application Tracker'!$B$2:$B$111,D12) -> 1
A13: Withdrawn | B13: =COUNTIF('Application Tracker'!#REF!,A13) -> #REF! | D13: Cybersecurity | E13: =COUNTIF('Application Tracker'!$B$2:$B$111,D13) -> 1
A14: Total Companies Tracked | B14: =COUNTA('Application Tracker'!$A$2:$A$111) -> 86 | D14: Cybersecurity/Tech | E14: =COUNTIF('Application Tracker'!$B$2:$B$111,D14) -> 2
A15: New 2025-26 Entrants Tracked | B15: 32 | D15: Engineering/Industrial | E15: =COUNTIF('Application Tracker'!$B$2:$B$111,D15) -> 3
D16: Engineering/Tech | E16: =COUNTIF('Application Tracker'!$B$2:$B$111,D16) -> 1
D17: Environmental Services | E17: =COUNTIF('Application Tracker'!$B$2:$B$111,D17) -> 1
D18: Fintech | E18: =COUNTIF('Application Tracker'!$B$2:$B$111,D18) -> 2
D19: Fintech/Data | E19: =COUNTIF('Application Tracker'!$B$2:$B$111,D19) -> 1
D20: Food Services | E20: =COUNTIF('Application Tracker'!$B$2:$B$111,D20) -> 1
D21: Healthcare | E21: =COUNTIF('Application Tracker'!$B$2:$B$111,D21) -> 6
D22: Healthcare IT | E22: =COUNTIF('Application Tracker'!$B$2:$B$111,D22) -> 1
D23: Healthcare/Life Sciences CRO | E23: =COUNTIF('Application Tracker'!$B$2:$B$111,D23) -> 1
D24: Industrial Software/Tech | E24: =COUNTIF('Application Tracker'!$B$2:$B$111,D24) -> 1
D25: Insurance | E25: =COUNTIF('Application Tracker'!$B$2:$B$111,D25) -> 1
D26: Logistics | E26: =COUNTIF('Application Tracker'!$B$2:$B$111,D26) -> 1
D27: Media/Sports Tech | E27: =COUNTIF('Application Tracker'!$B$2:$B$111,D27) -> 1
... D37: Travel Technology | E37: =COUNTIF('Application Tracker'!$B$2:$B$111,D37) -> 1

Sheet How to Use
A1: How to Use This Tracker
A3: Company / Sector / HQ Country | B3: Pre-filled with 70 verified Hyderabad GCC companies from research. Add more rows at the bottom for any company you find yourself.
A4: Year Arrived (Hyderabad) | B4: When known: the year the GCC was established or most recently expanded in Hyderabad. Blank = long-established, exact year not verified from public sources.
A5: Orange-highlighted rows | B5: Companies confirmed as new to Hyderabad in 2025-2026 (or a major recent expansion). These are actively scaling headcount right now -- often the best window to apply, since roles are opening faster than they can be filled.
A6: Role Applied For | B6: e.g. SDET, QA Automation Engineer, Senior QA Engineer -- copy from the job posting.
A7: Portal/Source | B7: Dropdown: Hirist, Instahyre, LinkedIn, Naukri, Foundit, Cutshort, myjobb, Arya, Company Website, Referral, Other.
A8: Date Applied | B8: Date you submitted the application.
A9: Status | B9: Dropdown: Not Applied -> Applied -> Screening -> Interview Scheduled -> Interview Completed -> Offer / Rejected / No Response / Withdrawn.
A10: Follow-up Date | B10: Set this ~7-10 days after applying; check the Dashboard weekly to see what's due.
A11: Recruiter/Contact | B11: Name + email/LinkedIn of recruiter or referral contact, if you have one.
A12: Tech Stack Match | B12: Note which of your skills matched: Playwright, Cypress, Appium, TypeScript, CI/CD, etc. Helps you see which stack is landing interviews.
A13: Priority | B13: Dropdown: High / Medium / Low -- rank based on fit and interest so you know where to focus follow-ups.
A14: Notes | B14: Anything else -- interview feedback, salary range discussed, referral source, etc.
A15: Dashboard tab | B15: Auto-counts applications by Status and by Sector, plus a running count of new 2025-26 entrants. Updates automatically -- don't edit its formula cells directly.
